PC1,PC2,PC3,PC4
DaysAtHarvest,-0.500638644226999,0.0363881049491654,-0.803534946357187,0.319950689493729
SeedWT_All_g,0.4481335631063,-0.818850348823091,-0.349099527413797,-0.0824010667978091
Density,0.548639646634736,0.223881297810611,-0.0109752578330687,0.805450958374652
Shape,0.497525673372456,0.527292306544621,-0.48201727526896,-0.49202680225413
